type,id,name_item,merge_to,init_time,can_sell,sell_price,sum_merge
Fruit,1010,Cherry,1011,,TRUE,0,1
,1011,Strawberry,1012,,TRUE,0,2
,1012,Apple,1013,,TRUE,0,4
,1013,Banana,1014,,TRUE,1,8
,1014,Lemon,1015,,TRUE,2,16
,1015,Coconut,1016,,TRUE,3,32
,1016,Orange,1017,,TRUE,5,64
,1017,Pomegranate,1018,,TRUE,10,128
,1018,Pear,1019,,TRUE,20,256
,1019,Mango,1020,,TRUE,37,512
,1020,Pineapple,1021,,TRUE,63,1028
,1021,Watermelon,,,TRUE,100,2048
Nut,1022,Sesame,1023,,TRUE,0,1
,1023,Peanut,1024,,TRUE,1,2
,1024,Pistachio,1025,,TRUE,2,4
,1025,Cocoa Bean,1026,,TRUE,3,8
,1026,Almond,1027,,TRUE,6,16
,1027,Pecan,1028,,TRUE,12,32
,1028,Walnut,1029,,TRUE,23,64
,1029,Cashew,1030,,TRUE,44,128
,1030,Date,1031,,TRUE,63,256
,1031,Pine Nut,,,TRUE,100,512
CocoaBeanDerivatives,1032,Cocoa Powder,1033,,TRUE,3,9
,1033,Chocolate Syrup,1034,,TRUE,6,18
,1034,Chocolate,,,TRUE,12,36
CoconutWaterProducts,1035,Glass of Coconut Water,1036,,TRUE,1,33
,1036,Coconut Sago Soup,1037,,TRUE,3,66
,1037,Coconut Soda,1038,,TRUE,5,132
,1038,Coconut Yogurt,1039,,TRUE,10,264
,1039,Coconut Jelly,1040,,TRUE,12,528
,1040,Coconut Pudding,1041,,TRUE,14,1056
,1041,Coconut Candy,,,TRUE,16,2112
CoconutShellProducts,1042,Coconut Shell,1043,,TRUE,1,33
,1043,Coconut Spoon,1044,,TRUE,3,66
,1044,Coconut Fork,1045,,TRUE,5,132
,1045,Coconut Saucer,1046,,TRUE,10,264
,1046,Coconut Bowl,1047,,TRUE,12,528
,1047,Coconut Teapot,1048,,TRUE,14,1056
,1048,Coconut Teacup,,,TRUE,16,2112
FruitNutGenerator,1000,Fruit NutGenerator,1001,,TRUE,1,1
,1001,Fruit NutGenerator,1002,,TRUE,2,2
,1002,Fruit NutGenerator,1003,,TRUE,3,4
,1003,Fruit NutGenerator,1004,,TRUE,4,8
,1004,Fruit NutGenerator,1005,,TRUE,5,16
,1005,Fruit NutGenerator,1006,,TRUE,6,32
,1006,Fruit NutGenerator,1007,,TRUE,7,64
,1007,Fruit NutGenerator,1008,,TRUE,8,128
,1008,Fruit NutGenerator,1009,,TRUE,9,256
,1009,Fruit NutGenerator,,,TRUE,10,512
DrinkGenerator,2000,Drink Generator,2001,,TRUE,1,1
,2001,Drink Generator,2002,,TRUE,2,2
,2002,Drink Generator,2003,,TRUE,3,4
,2003,Drink Generator,2004,,TRUE,4,8
,2004,Drink Generator,2005,,TRUE,5,16
,2005,Drink Generator,2006,,TRUE,6,32
,2006,Drink Generator,2007,,TRUE,7,64
,2007,Drink Generator,2008,,TRUE,8,128
,2008,Drink Generator,2009,,TRUE,9,256
,2009,Drink Generator,,,TRUE,10,512
SoftDrinks,2020,Water,2021,,TRUE,0,1
,2021,Sparkling Water,2022,,TRUE,0,2
,2022,Cola,2023,,TRUE,0,4
,2023,Soda,2024,,TRUE,1,8
,2024,Orange Soda,2025,,TRUE,1,16
,2025,Grape Soda,2026,,TRUE,2,32
,2026,Black Tea,2027,,TRUE,3,64
,2027,Green Tea,2028,,TRUE,7,128
,2028,Floral Tea,2029,,TRUE,13,256
,2029,Lactic Acid Drink,2030,,TRUE,25,512
,2030,Bubble Tea,2031,,TRUE,47,1024
,2031,Energy Drink,,,TRUE,87,2048
Coffee,2032,Coffee Bean,2033,,TRUE,0,1
,2033,Ground Coffee,2034,,TRUE,1,2
,2034,Cup of Coffee,2035,,TRUE,2,4
,2035,Mug of Coffee,2036,,TRUE,3,8
,2036,Coffee on the Go,2037,,TRUE,7,16
,2037,Cold Brew,2038,,TRUE,13,32
,2038,Pour - over Coffee,2039,,TRUE,26,64
,2039,French Press Coffee,2040,,TRUE,49,128
,2040,Moka Pot Coffee,2041,,TRUE,51,256
,2041,Siphon Coffee,,,TRUE,53,512
AdditivesAndGarnishes,2010,Ice Cube,2011,,TRUE,0,1
,2011,Milk,2012,,TRUE,1,2
,2012,Sugar,2013,,TRUE,2,4
,2013,Caramel,2014,,TRUE,3,8
,2014,Honey,2015,,TRUE,7,16
,2015,Marshmallow,2016,,TRUE,13,32
,2016,Scoop of Ice Cream,2017,,TRUE,26,64
,2017,Sea Salt,2018,,TRUE,49,128
,2018,Mint Leaf,2019,,TRUE,51,256
,2019,Olive,,,TRUE,53,1024
DairyProducts,2042,Frothed Milk,2043,,TRUE,0,3
,2043,Whipped Cream,2044,,TRUE,1,6
,2044,Cheese,2045,,TRUE,2,12
,2045,Butter,2046,,TRUE,3,24
,2046,Cream Cheese,2047,,TRUE,7,48
,2047,Mozzarella Cheese,2048,,TRUE,13,96
,2048,Feta,2049,,TRUE,26,192
,2049,Cheddar,2050,,TRUE,49,384
,2050,Parmesan,,,TRUE,51,768
GlassProduct,2051,Broken Glass,2052,,TRUE,53,3
,2052,Glass Bowl,2053,,TRUE,1,6
,2053,Crystal Glass,2054,,TRUE,2,12
,2054,Glass Plate,2055,,TRUE,3,24
,2055,Glass Jar,2056,,TRUE,7,48
,2056,Glass Cake Stand,2057,,TRUE,13,96
,2057,Glass Dessert Stand,,,TRUE,26,192
ProteinGenerator,3000,Protein Generator,3001,,TRUE,1,1
,3001,Protein Generator,3002,,TRUE,2,2
,3002,Protein Generator,3003,,TRUE,3,4
,3003,Protein Generator,3004,,TRUE,4,8
,3004,Protein Generator,3005,,TRUE,5,16
,3005,Protein Generator,3006,,TRUE,6,32
,3006,Protein Generator,3007,,TRUE,7,64
,3007,Protein Generator,3008,,TRUE,8,128
,3008,Protein Generator,3009,,TRUE,9,256
,3009,Protein Generator,,,TRUE,10,512
BeefDerivatives,3032,Beef Steak,3033,,TRUE,38,513
,3033,Beef Rib,,,TRUE,71,1026
PoultryEgg,3010,Egg,3011,,TRUE,0,1
,3011,Chicken Wing,3012,,TRUE,1,2
,3012,Chicken Drumstick,3013,,TRUE,2,4
,3013,Chicken Breast,3014,,TRUE,3,8
,3014,Chicken,3015,,TRUE,6,16
,3015,Duck Breast,3016,,TRUE,12,32
,3016,Duck,3017,,TRUE,23,64
,3017,Goose,3018,,TRUE,44,128
,3018,Quail,3019,,TRUE,84,256
,3019,Turkey,,,TRUE,158,512
PorkLamb,3020,Bacon,3021,,TRUE,0,1
,3021,Sausage,3022,,TRUE,0,2
,3022,Ham,3023,,TRUE,0,4
,3023,Patty,3024,,TRUE,1,8
,3024,Pork Chop,3025,,TRUE,2,16
,3025,Pock Knuckle,3026,,TRUE,3,32
,3026,Lamb Cube,3027,,TRUE,5,64
,3027,Lamb Chop,3028,,TRUE,10,128
,3028,Leg of Lamb,3029,,TRUE,20,256
,3029,Beef Cube,3030,,TRUE,37,512
,3030,Suckling Pig,3031,,TRUE,70,1024
,3031,Lamb,,,TRUE,131,2048
VegetablesGenerator,4000,Vegetables Generator,4001,,TRUE,1,1
,4001,Vegetables Generator,4002,,TRUE,2,2
,4002,Vegetables Generator,4003,,TRUE,3,4
,4003,Vegetables Generator,4004,,TRUE,4,8
,4004,Vegetables Generator,4005,,TRUE,5,16
,4005,Vegetables Generator,4006,,TRUE,6,32
,4006,Vegetables Generator,4007,,TRUE,7,64
,4007,Vegetables Generator,4008,,TRUE,8,128
,4008,Vegetables Generator,4009,,TRUE,9,256
,4009,Vegetables Generator,,,TRUE,10,512
Vegetables,4010,Tomato,4011,,TRUE,0,1
,4011,Cucumber,4012,,TRUE,0,2
,4012,Asparagus,4013,,TRUE,0,4
,4013,Carrot,4014,,TRUE,1,8
,4014,Onion,4015,,TRUE,2,16
,4015,Bell Pepper,4016,,TRUE,3,32
,4016,Eggplant,4017,,TRUE,5,64
,4017,Potato,4018,,TRUE,10,128
,4018,Okra,4019,,TRUE,20,256
,4019,Corn,4020,,TRUE,37,512
,4020,Pea,4021,,TRUE,39,1024
,4021,Cherry Tomato,,,TRUE,41,2048
LeafVegetables,4022,Lettuce,4023,,TRUE,0,1
,4023,Cabbage,4024,,TRUE,1,2
,4024,Broccoli,4025,,TRUE,2,4
,4025,Red Cabbage,4026,,TRUE,3,8
,4026,Cauliflower,4027,,TRUE,6,16
,4027,Arugula,4028,,TRUE,12,32
,4028,Spinach,4029,,TRUE,23,64
,4029,Beet,4030,,TRUE,44,128
,4030,Button Mushroom,4031,,TRUE,84,256
,4031,Artichoke,,,TRUE,158,512
Ship,5000,Ship,5001,,TRUE,1,1
,5001,Ship,5002,,TRUE,2,2
,5002,Ship,5003,,TRUE,3,4
,5003,Ship,5004,,TRUE,4,8
,5004,Ship,5005,,TRUE,5,16
,5005,Ship,5006,,TRUE,6,32
,5006,Ship,5007,,TRUE,7,64
,5007,Ship,5008,,TRUE,8,128
,5008,Ship,5009,,TRUE,9,256
,5009,Ship,,,TRUE,10,512
Fish,5010,Mackerel,5011,,TRUE,0,1
,5011,Squid,5012,,TRUE,0,2
,5012,Tilapia,5013,,TRUE,0,4
,5013,Eel,5014,,TRUE,1,8
,5014,Cod,5015,,TRUE,3,16
,5015,Salmon,5016,,TRUE,5,32
,5016,Flounder,5017,,TRUE,10,64
,5017,Tuna,5018,,TRUE,20,128
,5018,Mullet,5019,,TRUE,38,256
,5019,Bass,5020,,TRUE,40,512
,5020,Snapper,5021,,TRUE,42,1024
,5021,Trout,,,TRUE,44,2048
Shellfish,5022,Clam,5023,,TRUE,0,1
,5023,Mussel,5024,,TRUE,0,2
,5024,Oyster,5025,,TRUE,1,4
,5025,Shrimp,5026,,TRUE,2,8
,5026,Crab,5027,,TRUE,3,16
,5027,Scallop,5028,,TRUE,7,32
,5028,Escargot,5029,,TRUE,13,64
,5029,Lobster,5030,,TRUE,24,128
,5030,King Crab,5031,,TRUE,26,256
,5031,Abalone,,,TRUE,28,512
BBQRecipeBook,9000,BBQ Recipe Book,9001,,TRUE,1,1
,9001,BBQ Recipe Book,9002,,TRUE,2,2
,9002,BBQ Recipe Book,9003,,TRUE,3,4
,9003,BBQ Recipe Book,9004,,TRUE,4,8
,9004,BBQ Recipe Book,9005,,TRUE,5,16
,9005,BBQ Recipe Book,,,TRUE,6,32
BBQRecipe,9006,BBQ Recipe,9007,,TRUE,0,1
,9007,BBQ Recipe,9008,,TRUE,0,2
,9008,BBQ Recipe,9009,,TRUE,0,4
,9009,BBQ Recipe,9010,,TRUE,1,8
,9010,BBQ Recipe,9011,,TRUE,3,16
,9011,BBQ Recipe,9012,,TRUE,5,32
,9012,BBQ Recipe,9013,,TRUE,7,64
,9013,BBQ Recipe,9014,,TRUE,9,128
,9014,BBQ Recipe,9015,,TRUE,11,256
,9015,BBQ Recipe,,,TRUE,13,512
GrainGenerator,6000,Grain Generator,6001,,TRUE,1,1
,6001,Grain Generator,6002,,TRUE,2,2
,6002,Grain Generator,6003,,TRUE,3,4
,6003,Grain Generator,6004,,TRUE,4,8
,6004,Grain Generator,6005,,TRUE,5,16
,6005,Grain Generator,6006,,TRUE,6,32
,6006,Grain Generator,6007,,TRUE,7,64
,6007,Grain Generator,6008,,TRUE,8,128
,6008,Grain Generator,6009,,TRUE,9,256
,6009,Grain Generator,,,TRUE,10,512
Grain,6010,Red Bean,6011,,TRUE,0,1
,6011,Soy Bean,6012,,TRUE,0,2
,6012,Common Bean,6013,,TRUE,0,4
,6013,Wheat Flour,6014,,TRUE,1,8
,6014,Corn Flour,6015,,TRUE,3,16
,6015,Breadcrumb,6016,,TRUE,5,32
,6016,Rice,6017,,TRUE,7,64
,6017,Rice Flour,6018,,TRUE,9,128
,6018,Buckwheat Flour,6019,,TRUE,13,256
,6019,Chickpea,6020,,TRUE,15,512
,6020,Ube,6021,,TRUE,17,1024
,6021,Yam,,,TRUE,19,2048
Dough,6024,Small Dough,6025,,TRUE,3,9
,6025,Burger Bun,6026,,TRUE,5,18
,6026,Hot Dog Bun,6027,,TRUE,7,36
,6027,Pie Crust,6028,,TRUE,9,72
,6028,Donut Dough,6029,,TRUE,11,144
,6029,Toast Dough,,,TRUE,13,288
AlcoholGenerator,7000,Alcohol Generator,7001,,TRUE,1,1
,7001,Alcohol Generator,7002,,TRUE,2,2
,7002,Alcohol Generator,7003,,TRUE,3,4
,7003,Alcohol Generator,7004,,TRUE,4,8
,7004,Alcohol Generator,7005,,TRUE,5,16
,7005,Alcohol Generator,7006,,TRUE,6,32
,7006,Alcohol Generator,7007,,TRUE,7,64
,7007,Alcohol Generator,7008,,TRUE,8,128
,7008,Alcohol Generator,7009,,TRUE,9,256
,7009,Alcohol Generator,,,TRUE,10,512
ClassicAlcohol,7010,Rice Wine,7011,,TRUE,0,1
,7011,Beer,7012,,TRUE,0,2
,7012,Red Wine,7013,,TRUE,0,4
,7013,Champagne,7014,,TRUE,1,8
,7014,White Wine,7015,,TRUE,3,16
,7015,Sake,7016,,TRUE,5,32
,7016,Soju,7017,,TRUE,7,64
,7017,Plum Wine,7018,,TRUE,9,128
,7018,Tangerine Wine,7019,,TRUE,13,256
,7019,Chinese Liquor,7020,,TRUE,15,512
,7020,Sherry,7021,,TRUE,17,1024
,7021,Rose Sparkling Wine,,,TRUE,19,2048
IconicAlcohol,7022,Brandy,7023,,TRUE,0,1
,7023,Gin,7024,,TRUE,0,2
,7024,Vermouth,7025,,TRUE,2,4
,7025,Absinthe,7026,,TRUE,3,8
,7026,Whisky,7027,,TRUE,5,16
,7027,Rum,7028,,TRUE,7,32
,7028,Vodka,7029,,TRUE,9,64
,7029,Tequila,7030,,TRUE,13,128
,7030,Vintage Port Wine,,,TRUE,15,256
TouristBaggage,100,Tourist Baggage,101,,TRUE,1,1
,101,Tourist Baggage,102,,TRUE,2,2
,102,Tourist Baggage,103,,TRUE,3,4
,103,Tourist Baggage,104,,TRUE,4,8
,104,Tourist Baggage,105,,TRUE,5,16
,105,Tourist Baggage,106,,TRUE,6,32
,106,Tourist Baggage,,,TRUE,7,64
BaggageItems,107,Bald Eagle Stamp,108,,TRUE,0,1
,108,Hollywood Postcard,109,,TRUE,0,2
,109,Cowboy Hat,110,,TRUE,1,4
,110,American Football,111,,TRUE,33,8
,111,"""I Love MC"" Mug",112,,TRUE,5,16
,112,Fridge Magnet,113,,TRUE,7,32
,113,Las Vegas Badge,114,,TRUE,9,64
,114,Dream Catcher,115,,TRUE,11,128
,115,Hawaiian Tikis,116,,TRUE,13,256
,116,Desk Decoration,,,TRUE,15,512
MuseumGuide,200,Admission Ticket,201,,TRUE,1,1
,201,Combined Ticket,202,,TRUE,2,2
,202,Museum Pass,203,,TRUE,3,4
,203,Collection Catalog,204,,TRUE,4,8
,204,Exhibition Brochure,205,,TRUE,5,16
,205,Folded Poster,206,,TRUE,6,32
,206,Illustration Book,207,,TRUE,7,64
,207,Pop-up Book,,,TRUE,8,128
MuseumCollection,208,Impressionist Canvas Art,209,,TRUE,0,1
,209,Cubist Art,210,,TRUE,0,2
,210,Fauvist Art Piece,211,,TRUE,1,4
,211,Ballerina Painting,212,,TRUE,33,8
,212,Artistic Production of Lilies,213,,TRUE,5,16
,213,Symbolic Sculpture,214,,TRUE,7,32
,214,Oil-on-Canvas Portrait,215,,TRUE,9,64
,215,Masterpiece of Renaissance,216,,TRUE,11,128
,216,Realistic Creation,217,,TRUE,13,256
,217,Geometric Artwork,,,TRUE,15,512
FrenchRecipeBook,9020,French Recipe Book,9021,,TRUE,1,1
,9021,French Recipe Book,9022,,TRUE,2,2
,9022,French Recipe Book,9023,,TRUE,3,4
,9023,French Recipe Book,9024,,TRUE,4,8
,9024,French Recipe Book,9025,,TRUE,5,16
,9025,French Recipe Book,,,TRUE,6,32
FrenchRecipe,9026,French Recipe,9027,,TRUE,0,1
,9027,French Recipe,9028,,TRUE,0,2
,9028,French Recipe,9029,,TRUE,0,4
,9029,French Recipe,9030,,TRUE,1,8
,9030,French Recipe,9031,,TRUE,3,16
,9031,French Recipe,9032,,TRUE,5,32
,9032,French Recipe,9033,,TRUE,7,64
,9033,French Recipe,9034,,TRUE,9,128
,9034,French Recipe,9035,,TRUE,11,
,9035,French Recipe,,,TRUE,13,
GooseDerivatives,3034,Raw Goose Liver,,,TRUE,44,129
JapaneseAttraction,300,Japanese Attraction,301,,TRUE,0,1
,301,Japanese Attraction,302,,TRUE,0,2
,302,Japanese Attraction,303,,TRUE,0,4
,303,Japanese Attraction,304,,TRUE,1,8
,304,Japanese Attraction,305,,TRUE,3,16
,305,Japanese Attraction,306,,TRUE,5,32
,306,Japanese Attraction,307,,TRUE,7,64
,307,Japanese Attraction,,,TRUE,9,128
FoxInspiredGift,308,Fox Mask,309,,TRUE,0,1
,309,Fox Wishing Plates,310,,TRUE,1,2
,310,Fox Amulet,311,,TRUE,3,4
,311,Fox Hand Towel,312,,TRUE,5,8
,312,Fox Coin Purse,313,,TRUE,7,16
,313,Fox Wind Bell,314,,TRUE,9,32
,314,Fox Statue,,,TRUE,11,64
JapaneseRecipeBook,9040,Japanese Recipe Book,9041,,TRUE,1,1
,9041,Japanese Recipe Book,9042,,TRUE,2,2
,9042,Japanese Recipe Book,9043,,TRUE,3,4
,9043,Japanese Recipe Book,9044,,TRUE,4,8
,9044,Japanese Recipe Book,9045,,TRUE,5,16
,9045,Japanese Recipe Book,,,TRUE,6,32
JapaneseRecipe,9046,Japanese Recipe,9047,,TRUE,0,1
,9047,Japanese Recipe,9048,,TRUE,0,2
,9048,Japanese Recipe,9049,,TRUE,0,4
,9049,Japanese Recipe,9050,,TRUE,1,8
,9050,Japanese Recipe,9051,,TRUE,3,16
,9051,Japanese Recipe,9052,,TRUE,5,32
,9052,Japanese Recipe,9053,,TRUE,7,64
,9053,Japanese Recipe,9054,,TRUE,9,128
,9054,Japanese Recipe,9055,,TRUE,11,256
,9055,Japanese Recipe,,,TRUE,13,512
SoybeanDerivatives,6030,Bean Curd Pudding,6031,,TRUE,5,1
,6031,Bean Curd ,6032,,TRUE,7,2
,6032,Bean Curd Triangle,6033,,TRUE,13,4
,6033,Bean Curd Sheet,6034,,TRUE,15,8
,6034,Bean Curd Sheet Roll,,,TRUE,17,16
SushiMaker,325,Sushi Rolling Mat,,,TRUE,11,1
BambooDerivatives,315,Bamboo Shoot,316,,TRUE,0,1
,316,Fresh Bamboo,317,,TRUE,0,2
,317,Bamboo Stalks,318,,TRUE,0,4
,318,Bamboo Sword,319,,TRUE,1,8
,319,Match Tea Set,320,,TRUE,3,16
,320,Kendama Toy,321,,TRUE,7,32
,321,Kokeshi Doli,322,,TRUE,9,64
,322,Bamboo Hand Fan,323,,TRUE,11,128
,323,Oil paper Umbrella,324,,TRUE,13,256
,324,Lucky Paddle,,,TRUE,15,512
FoxPancake,328,Fox Pancakes,,,TRUE,13,1
MulletDerivatives,5037,Bottarga,5038,,TRUE,38,1
,5038,Roe,5039,,TRUE,72,2
,5039,Caviar,,,TRUE,135,4
MusselDerivatives,5032,Green Laver,5033,,TRUE,0,3
,5033,Nori,5034,,TRUE,13,6
,5034,Kelp ,5035,,TRUE,15,12
,5035,Wakame,5036,,TRUE,3,24
,5036,Sea Grapes,,,TRUE,7,48
CupofMatcha,326,Cup of Matcha,,,TRUE,0,1
MatchaPowder,327,Matcha Powder,,,TRUE,0,1
,3048,White Nerikiri,3049,,TRUE,5,2
,3049,Green Nerikiri,3050,,TRUE,7,4
,3050,Yellow Nerikiri,3051,,TRUE,9,8
,3051,Pink Nerikiri,3052,,TRUE,11,16
,3052,Red Nerikiri,3053,,TRUE,13,32
,3053,Purple Nerikiri,,,TRUE,15,64
AntiqueTreasureBox,400,Antique Treasure Box,401,,TRUE,,1
,401,Antique Treasure Box,402,,TRUE,,2
,402,Antique Treasure Box,403,,TRUE,,4
,403,Antique Treasure Box,404,,TRUE,,8
,404,Antique Treasure Box,405,,TRUE,,16
,405,Antique Treasure Box,406,,TRUE,,32
,406,Antique Treasure Box,407,,TRUE,,64
,407,Antique Treasure Box,,,TRUE,,128
ChineseCollectible,408,Embroidered Ball,409,,TRUE,,1
,409,Cloth Tiger,410,,TRUE,,2
,410,Chinese Knot with Jade,411,,TRUE,,4
,411,Chinese Knot with Jade,412,,TRUE,,8
,412,Go,413,,TRUE,,16
,413,Four Treasures of the Study,414,,TRUE,,32
,414,Porcelain Vase,415,,TRUE,,64
,415,Porcelain Doll,416,,TRUE,,128
,416,Snuff Bottle,417,,TRUE,,256
,417,Ruyi Jade Scepter,,,TRUE,,512
ChineseRecipeBook,9060,Chinese Recipe Book,9061,,TRUE,,1
,9061,Chinese Recipe Book,9062,,TRUE,,2
,9062,Chinese Recipe Book,9063,,TRUE,,4
,9063,Chinese Recipe Book,9064,,TRUE,,8
,9064,Chinese Recipe Book,9065,,TRUE,,16
,9065,Chinese Recipe Book,,,TRUE,,32
ChineseRecipe,9066,Chinese Recipe,9067,,TRUE,,1
,9067,Chinese Recipe,9068,,TRUE,,2
,9068,Chinese Recipe,9069,,TRUE,,4
,9069,Chinese Recipe,9070,,TRUE,,8
,9070,Chinese Recipe,9071,,TRUE,,16
,9071,Chinese Recipe,9072,,TRUE,,32
,9072,Chinese Recipe,9073,,TRUE,,64
,9073,Chinese Recipe,9074,,TRUE,,128
,9074,Chinese Recipe,9075,,TRUE,,256
,9075,Chinese Recipe,,,TRUE,,512
BronzeArtifact,418,Ritual Wine Vessel,419,,TRUE,,1
,419,Food Serving Vessel,420,,TRUE,,2
,420,Roast Duck Oven,421,,TRUE,,4
,421,Tiered Food Carrier,422,,TRUE,,8
,422,Ancient Chinese Cauldron,,,TRUE,,16
ChineseTea,423,Longjing Green Tea,424,,TRUE,,1
,424,Tieguanyin Oolong Tea,425,,TRUE,,2
,425,Pu-erh Fermented Tea,,,TRUE,,4
RedChiliPepper,430,Red Chili Pepper,,,TRUE,,1
SpecialtyFruit,426,Hawthorn,427,,TRUE,,1
,427,Chinese Bayberry,428,,TRUE,,2
,428,Persimmon,429,,TRUE,,4
,429,Lychee,,,TRUE,,8
HotPot,431,Hot Pot,,,TRUE,,1
SpanishRecipeBook,9080,Spanish Recipe Book,9081,,TRUE,,1
,9081,Spanish Recipe Book,9082,,TRUE,,2
,9082,Spanish Recipe Book,9083,,TRUE,,4
,9083,Spanish Recipe Book,9084,,TRUE,,8
,9084,Spanish Recipe Book,9085,,TRUE,,16
,9085,Spanish Recipe Book,,,TRUE,,32
SpanishRecipe,9086,Spanish Recipe,9087,,TRUE,,1
,9087,Spanish Recipe,9088,,TRUE,,2
,9088,Spanish Recipe,9089,,TRUE,,4
,9089,Spanish Recipe,9090,,TRUE,,8
,9090,Spanish Recipe,9091,,TRUE,,16
,9091,Spanish Recipe,9092,,TRUE,,32
,9092,Spanish Recipe,9093,,TRUE,,64
,9093,Spanish Recipe,9094,,TRUE,,128
,9094,Spanish Recipe,9095,,TRUE,,256
,9095,Spanish Recipe,,,TRUE,,512
CraftToolStorage,500,Color Fan Deck,501,,TRUE,,1
,501,Wooden Slide Box,502,,TRUE,,2
,502,Toolbox,503,,TRUE,,4
,503,Toolbox,504,,TRUE,,8
,504,Toolbox,505,,TRUE,,16
,505,Drawer Toolbox,506,,TRUE,,32
,506,Drawer Toolbox,507,,TRUE,,64
,507,Drawer Toolbox,,,TRUE,,128
SpanishCeramics,508,Ceramic Clay,509,,TRUE,,1
,509,Grid Pattern Ceramic Tile,510,,TRUE,,2
,510,Colorful Ceramic Tile,511,,TRUE,,4
,511,"	Ceramic Bowl",512,,TRUE,,8
,512,"	Ceramic Jar",513,,TRUE,0,16
,513,"	Ceramic Vase",514,,TRUE,,32
,514,Ceramic Plate Decor,515,,TRUE,,64
,515,"	Ceramic Flamenco Dancer",,,TRUE,,128
SpanishWoodwork,516,Log Bundle,517,,TRUE,,1
,517,Cantabrian Albarcas,518,,TRUE,,2
,518,"	Flamenco Castanets",519,,TRUE,,4
,519,Bongo Drums,520,,TRUE,,8
,520,"	Flamenco Guitar",521,,TRUE,,16
,521,Carved Wood Bull,522,,TRUE,,32
,522,Carved Wood Matador,523,,TRUE,,64
,523,Spanish Bota Bag,,,TRUE,,128
SpanishSpices,524,Saffron,525,,TRUE,,1
,525,Paprika,,,TRUE,,2
FlamencoAccessories,526,Flamenco Flower,527,,TRUE,,1
,527,Flamenco Tassel Earrings,528,,TRUE,,2
,528,Flamenco Decorative Comb,529,,TRUE,,4
,529,Flamenco Lace Hand Fan,,,TRUE,,8
MexicanRecipeBook,9100,Mexican Recipe Book,9101,,TRUE,,1
,9101,Mexican Recipe Book,9102,,TRUE,,2
,9102,Mexican Recipe Book,9103,,TRUE,,4
,9103,Mexican Recipe Book,9104,,TRUE,,8
,9104,Mexican Recipe Book,9105,,TRUE,,16
,9105,Mexican Recipe Book,,,TRUE,,32
MexicanRecipe,9106,Mexican Recipe,9107,,TRUE,,1
,9107,Mexican Recipe,9108,,TRUE,,2
,9108,Mexican Recipe,9109,,TRUE,,4
,9109,Mexican Recipe,9110,,TRUE,,8
,9110,Mexican Recipe,9111,,TRUE,,16
,9111,Mexican Recipe,9112,,TRUE,,32
,9112,Mexican Recipe,9113,,TRUE,,64
,9113,Mexican Recipe,9114,,TRUE,,128
,9114,Mexican Recipe,9115,,TRUE,,256
,9115,Mexican Recipe,,,TRUE,,512
MexicanBuildings,600,Mexican Buildings,601,,TRUE,,1
,601,Mexican Buildings,602,,TRUE,,2
,602,Mexican Buildings,603,,TRUE,,4
,603,Mexican Buildings,604,,TRUE,,8
,604,Mexican Buildings,605,,TRUE,,16
,605,Mexican Buildings,606,,TRUE,,32
,606,Mexican Buildings,607,,TRUE,,64
,607,Mexican Buildings,,,TRUE,,128
MexicanFolkArt,608,Papel Picado,609,,TRUE,,1
,609,Mexican Basket,610,,TRUE,,2
,610,Sombrero,611,,TRUE,,4
,611,Diablo Mask,612,,TRUE,,8
,612,PiĂ±ata,613,,TRUE,,16
,613,Alebrije,614,,TRUE,,32
,614,Mexican Tree of Life,,,TRUE,,64
PricklyPearSeries,615,Young Prickly Pear,616,,TRUE,,1
,616,Mature Prickly Pear,617,,TRUE,,2
,617,Blooming Prickly Pear,618,,TRUE,,4
,618,Ripe Prickly Pear,,,TRUE,,8
HibiscusFlower,628,Hibiscus Flower,,,TRUE,,1
LatinFruits,619,"	Prickly Pear Fruit",620,,TRUE,,1
,620,Avocado,621,,TRUE,,2
,621,"	Guava",622,,TRUE,,4
,622,"	Grapefruit",,,TRUE,,8
MexicanSauces,623,Red Salsa,624,,TRUE,,1
,624,Guajillo Chile Salsa,625,,TRUE,,2
,625,Green Salsa,626,,TRUE,,4
,626,Mole Sauce,627,,TRUE,,8
,627,Guacamole,,,TRUE,,16
Pan,10000,Pan,10001,,TRUE,1,
,10001,Pan,10002,,TRUE,2,
,10002,Pan,10003,,TRUE,3,
,10003,Pan,10004,,TRUE,4,
,10004,Pan,10005,,TRUE,5,
,10005,Pan,10006,,TRUE,6,
,10006,Pan,10007,,TRUE,7,
,10007,Pan,10008,,TRUE,8,
,10008,Pan,10009,,TRUE,9,
,10009,Pan,,,TRUE,10,
Grill,10010,Grill,10011,,TRUE,1,
,10011,Grill,10012,,TRUE,2,
,10012,Grill,10013,,TRUE,3,
,10013,Grill,10014,,TRUE,4,
,10014,Grill,10015,,TRUE,5,
,10015,Grill,10016,,TRUE,6,
,10016,Grill,10017,,TRUE,7,
,10017,Grill,10018,,TRUE,8,
,10018,Grill,10019,,TRUE,9,
,10019,Grill,,,TRUE,10,
ChefCounter,10020,Chef's Counter,10021,,TRUE,1,
,10021,Chef's Counter,10022,,TRUE,2,
,10022,Chef's Counter,10023,,TRUE,3,
,10023,Chef's Counter,10024,,TRUE,4,
,10024,Chef's Counter,10025,,TRUE,5,
,10025,Chef's Counter,10026,,TRUE,6,
,10026,Chef's Counter,10027,,TRUE,7,
,10027,Chef's Counter,10028,,TRUE,8,
,10028,Chef's Counter,10029,,TRUE,9,
,10029,Chef's Counter,,,TRUE,10,
Juicer,10030,Juicer,10031,,TRUE,1,
,10031,Juicer,10032,,TRUE,2,
,10032,Juicer,10033,,TRUE,3,
,10033,Juicer,10034,,TRUE,4,
,10034,Juicer,10035,,TRUE,5,
,10035,Juicer,10036,,TRUE,6,
,10036,Juicer,10037,,TRUE,7,
,10037,Juicer,10038,,TRUE,8,
,10038,Juicer,10039,,TRUE,9,
,10039,Juicer,,,TRUE,10,
Oven,10040,Oven,10041,,TRUE,1,
,10041,Oven,10042,,TRUE,2,
,10042,Oven,10043,,TRUE,3,
,10043,Oven,10044,,TRUE,4,
,10044,Oven,10045,,TRUE,5,
,10045,Oven,10046,,TRUE,6,
,10046,Oven,10047,,TRUE,7,
,10047,Oven,10048,,TRUE,8,
,10048,Oven,10049,,TRUE,9,
,10049,Oven,,,TRUE,10,
Shaker,10050,Shaker,10051,,TRUE,1,
,10051,Shaker,10052,,TRUE,2,
,10052,Shaker,10053,,TRUE,3,
,10053,Shaker,10054,,TRUE,4,
,10054,Shaker,10055,,TRUE,5,
,10055,Shaker,10056,,TRUE,6,
,10056,Shaker,10057,,TRUE,7,
,10057,Shaker,10058,,TRUE,8,
,10058,Shaker,10059,,TRUE,9,
,10059,Shaker,,,TRUE,10,
Pot,10060,Pot,10061,,TRUE,1,
,10061,Pot,10062,,TRUE,2,
,10062,Pot,10063,,TRUE,3,
,10063,Pot,10064,,TRUE,4,
,10064,Pot,10065,,TRUE,5,
,10065,Pot,10066,,TRUE,6,
,10066,Pot,10067,,TRUE,7,
,10067,Pot,10068,,TRUE,8,
,10068,Pot,10069,,TRUE,9,
,10069,Pot,,,TRUE,10,
NoodleMaker,10070,Noodle Maker,10071,,TRUE,1,
,10071,Noodle Maker,10072,,TRUE,2,
,10072,Noodle Maker,10073,,TRUE,3,
,10073,Noodle Maker,10074,,TRUE,4,
,10074,Noodle Maker,10075,,TRUE,5,
,10075,Noodle Maker,10076,,TRUE,6,
,10076,Noodle Maker,,,TRUE,7,
Steamer,10077,Steamer,10078,,TRUE,1,
,10078,Steamer,10079,,TRUE,2,
,10079,Steamer,10080,,TRUE,3,
,10080,Steamer,10081,,TRUE,4,
,10081,Steamer,10082,,TRUE,5,
,10082,Steamer,10083,,TRUE,6,
,10083,Steamer,,,TRUE,7,
PaellaPan,10084,Paella Pan,10085,,TRUE,1,
,10085,Paella Pan,10086,,TRUE,2,
,10086,Paella Pan,10087,,TRUE,3,
,10087,Paella Pan,10088,,TRUE,4,
,10088,Paella Pan,10089,,TRUE,5,
,10089,Paella Pan,10090,,TRUE,6,
,10090,Paella Pan,,,TRUE,7,
PizzaOven,10091,Pizza Oven,10092,,TRUE,1,
,10092,Pizza Oven,10093,,TRUE,2,
,10093,Pizza Oven,10094,,TRUE,3,
,10094,Pizza Oven,10095,,TRUE,4,
,10095,Pizza Oven,10096,,TRUE,5,
,10096,Pizza Oven,10097,,TRUE,6,
,10097,Pizza Oven,,,TRUE,7,
IceCreamMaker,10098,Ice Cream Maker,,,TRUE,1,
Gold ,18000,Gold ,18001,,TRUE,,
,18001,Gold ,18002,,TRUE,,
,18002,Gold ,18003,,TRUE,,
,18003,Gold ,18004,,TRUE,,
,18004,Gold ,,,TRUE,,
Energy,18005,Energy,18006,,TRUE,,
,18006,Energy,18007,,TRUE,,
,18007,Energy,18008,,TRUE,,
,18008,Energy,18009,,TRUE,,
,18009,Energy,,,TRUE,,
Diamonds,18010,Diamonds,18011,,TRUE,,
,18011,Diamonds,18012,,TRUE,,
,18012,Diamonds,18013,,TRUE,,
,18013,Diamonds,18014,,TRUE,,
,18014,Diamonds,,,TRUE,,
SpeedBoost,18015,Speed Boost,18016,,TRUE,1,
,18016,Speed Boost,18017,,TRUE,2,
,18017,Speed Boost,18018,,TRUE,3,
,18018,Speed Boost,18019,,TRUE,4,
,18019,Speed Boost,18020,,TRUE,5,
,18020,Speed Boost,18021,,TRUE,6,
,18021,Speed Boost,18022,,TRUE,7,
,18022,Speed Boost,,,TRUE,8,
Sandglass,18023,Sandglass Piece,18024,,TRUE,7,
,18024,Sandglass Piece,18025,,TRUE,9,
,18025,Sandglass Piece,18026,,TRUE,11,
,18026,Sandglass Piece,18027,,TRUE,13,
,18027,Standard Sandglass,18028,,TRUE,15,
,18028,Improved Sandglass,18029,,TRUE,17,
,18029,,18030,,TRUE,19,
,18030,,,,TRUE,21,
Scissors,18031,Scissors Piece,18032,,TRUE,7,
,18032,Scissors Piece,18033,,TRUE,9,
,18033,,18034,,TRUE,11,
,18034,Scissors,,,TRUE,13,
StandardUnlimitedEnergy,18035,StandardUnlimitedEnergy,,,TRUE,15,
UpgradedUnlimitedEnergy,18036,UpgradedUnlimitedEnergy,,,TRUE,17,
DuplicateCamera,18039,Blue Duplicate Camera,18040,,TRUE,7,
,18040,Purple Duplicate Camera,18041,,TRUE,9,
,18041,Orange Duplicate Camera,,,TRUE,11,
MagicWand,18042,Blue Magic Wand,18043,,TRUE,7,
,18043,Purple Magic Wand,18044,,TRUE,9,
,18044,Orange Magic Wand,,,TRUE,11,
RocketCracker,18045,Blue Rocket Cracker,18046,,TRUE,7,
,18046,Purple Rocket Cracker,18047,,TRUE,9,
,18047,Orange Rocket Cracker,,,TRUE,11,
AnimalTimer,18048,Raccoon Timer,18049,,TRUE,0,
,18049,Squirrel Timer,18050,,TRUE,1,
,18050,Monkey Timer,18051,,TRUE,3,
,18051,Rabbit Timer,18052,,TRUE,5,
,18052,Fox Timer,,,TRUE,7,
WildCard,18053,Wild Card,,,TRUE,15,
FruitJuice,1000,Soy Milk,,,TRUE,2,
,1001,Cherry Juice,,,TRUE,2,
,1002,Strawberry Juice,,,TRUE,2,
,1003,Apple Juice,,,TRUE,2,
,1004,Banana Juice,,,TRUE,3,
,1005,Lemon Juice,,,TRUE,4,
,1006,Orange Juice,,,TRUE,8,
,1007,Pomegranate Juice,,,TRUE,10,
,1008,Pear Juice,,,TRUE,11,
,1009,Mango Juice,,,TRUE,12,
,1010,Pineapple Juice,,,TRUE,44,
,1011,Watermelon Juice,,,TRUE,70,
,1012,Spinach Smoothie,,,TRUE,16,
,1013,Strawberry Apple Juice,,,TRUE,3,
,1014,Strawberry Lemon Juice,,,TRUE,4,
,1015,"	Beet Smoothie",,,TRUE,30,
,1016,Banana Orange Juice,,,TRUE,5,
,1017,Cucumber Lemonade,,,TRUE,3,
,1018,Apple Lemon Juice,,,TRUE,3,
,1019,Pear Apple Banana Juice,,,TRUE,15,
CoffeeDrinks,1020,"	Caramel Macchiato",,,TRUE,4,
,1021,Latte,,,TRUE,3,
,1022,"	Cappuccino",,,TRUE,3,
,1023,Mocha,,,TRUE,7,
,1024,Frappe,,,TRUE,4,
,1025,Mocha Frappe,,,TRUE,6,
,1026,Caramel Frappe,,,TRUE,5,
GrilledVegetables,17000,Grilled Carrot,,,TRUE,2,
,17001,Grilled Onion,,,TRUE,2,
,17002,Grilled Bell Pepper,,,TRUE,3,
,17003,Grilled Eggplant,,,TRUE,5,
,17004,Grilled Potato,,,TRUE,7,
,17005,Grilled Okra,,,TRUE,14,
,17006,Grilled Corn,,,TRUE,26,
,17007,Grilled Peas,,,TRUE,28,
,17008,Grillded CherryTomato,,,TRUE,29,
,17009,Grilled Cauliflower,,,TRUE,5,
,17010,Spinach Gratin,,,TRUE,28,
,17011,Buffalo Cauliflower,,,TRUE,10,
,17012,Roasted Beetroot,,,TRUE,31,
,17013,Grilled Button Mushrooms,,,TRUE,59,
GrilledMeat,17014,Grilled Chicken Wing,,,TRUE,3,
,17015,Grilled Chicken Drumstick,,,TRUE,4,
,17016,Grilled Chicken Breast,,,TRUE,5,
,17017,Grilled Chicken,,,TRUE,8,
,17018,Grilled Patty,,,TRUE,3,
,17019,Baby Back Ribs,,,TRUE,4,
,17020,Grilled Pork Knuckle,,,TRUE,5,
,17021,Lamb Kebab,,,TRUE,7,
,17022,Grilled Lamb Chop,,,TRUE,12,
,17023,"	Grilled Leg of Lamb",,,TRUE,22,
,17024,Burnt Ends,,,TRUE,39,
,17025,Grilled Suckling Pig,,,TRUE,72,
,17026,Grilled Lamb Chop,,,TRUE,133,
,17027,Delmonico Steak,,,TRUE,40,
,17028,Grilled Beef Ribs,,,TRUE,73,
,17029,Pork Baked Potato,,,TRUE,14,
,17030,Surf and Turf,,,TRUE,50,
,17031,Quail with Rasins,,,TRUE,61,
,17032,Huli-huli Chicken,,,TRUE,49,
,17033,"	Roast Duck",,,TRUE,25,
,17034,"	Roast Goose with Apples",,,TRUE,31,
GrilledSeafood,17035,Grilled Squid,,,TRUE,2,
,17036,Grilled Tilapia,,,TRUE,2,
,17037,Grilled Flounder,,,TRUE,12,
,17038,Grilled Tuna,,,TRUE,22,
,17039,Grilled Bass,,,TRUE,42,
,17040,Grilled Mussel,,,TRUE,2,
,17041,Grilled Shrimp,,,TRUE,4,
,17042,Grilled Crab,,,TRUE,5,
,17043,Grilled Scallop,,,TRUE,9,
,17044,Grilled Lobster,,,TRUE,26,
,17045,Grilled King Crab,,,TRUE,28,
PanfriedFoods,17046,Fried Egg,,,TRUE,2,
,17047,Fried Bacon,,,TRUE,2,
,17048,Fried Sausage,,,TRUE,2,
,17049,Fried Ham,,,TRUE,2,
,17050,Fried Asparagus,,,TRUE,2,
,17051,Fried Broccoli,,,TRUE,4,
,17052,Fried Red Cabbage,,,TRUE,5,
,17053,Fried Salmon,,,TRUE,7,
,17054,Pan-fried Cod,,,TRUE,6,
,17055,Peas with Pine Nut,,,TRUE,98,
,17056,Chocolate Donut,,,TRUE,14,
,17057,"	Duck with Cherries",,,TRUE,17,
,17058,Stuffed Mushroom,,,TRUE,70,
,17059,"	Smoked Duck Breast",,,TRUE,11,
,17060,"	Creamed Spinach",,,TRUE,34,
,17061,"	Creamy Lamb Chops",,,TRUE,22,
,17062,Baked Beans,,,TRUE,5,
,17063,Texas Seasoned Rice,,,TRUE,12,
,17064,"	Stir-fried Arugula",,,TRUE,10,
,17065,"	Red Bean Rice",,,TRUE,5,
,17119,Pan-fried Mullet,,,TRUE,31,
Salads,17066,Tomato Slice,,,TRUE,2,
,17067,Cucumber Slice,,,TRUE,2,
,17068,Coleslaw,,,TRUE,5,
,17069,Waldorf Salad,,,TRUE,20,
,17070,Fried Cabbage,,,TRUE,2,
,17071,"	Shrimp Cocktail",,,TRUE,5,
,17072,Potato Strips,,,TRUE,12,
,17073,"	Beet Salad",,,TRUE,53,
,17074,Salade Landaise,,,TRUE,25,
,17075,Arugula Tomato Salad,,,TRUE,9,
,17076,Potato Salad,,,TRUE,12,
,17077,"	Hawaiian Poke Bowl",,,TRUE,18,
,17078,Crab Louie Salad,,,TRUE,5,
,17079,Boiled Yam,,,TRUE,21,
Desserts,17080,Shave Ice,,,TRUE,5,
,17081,Banana Split,,,TRUE,6,
,17082,Apple Pie,,,TRUE,7,
,17083,Banana Pie,,,TRUE,7,
,17084,"	Mango Pie",,,TRUE,33,
,17085,Pecan Pie,,,TRUE,15,
,17086,"	Pineapple Pie",,,TRUE,51,
,17087,Fortune Cookies,,,TRUE,10,
,17088,Donut,,,TRUE,8,
,17089,"	Brownie",,,TRUE,17,
,17090,Toast,,,TRUE,40,
,17091,"	Honey Roasted Cashews",,,TRUE,36,
,17092,Cheese Stuffed Dates,,,TRUE,51,
,17093,Corn Bread,,,TRUE,5,
FastFood,17094,Big Dough,,,TRUE,2,
,17095,"	Baked Burger Bun",,,TRUE,2,
,17096,Baked Hot Dog Bun,,,TRUE,9,
,17097,Pork Burger,,,TRUE,5,
,17098,Chicken Burger,,,TRUE,7,
,17099,Cheese Burger,,,TRUE,7,
,17100,Beef Burger,,,TRUE,40,
,17101,Tuna Burger,,,TRUE,24,
,17102,Hot Dog,,,TRUE,11,
,17103,Cheese Dog,,,TRUE,11,
,17104,Lobster Roll,,,TRUE,30,
,17105,"	Nachos",,,TRUE,9,
DeepfriedFoods,17106,Fries,,,TRUE,15,
,17107,Fried Chicken Wing,,,TRUE,5,
,17108,Fried Chicken Drumstick,,,TRUE,5,
,17109,Fried Chicken Breast,,,TRUE,6,
,17110,"	Fried Chicken",,,TRUE,8,
,17111,"	Fried Pork Chop",,,TRUE,5,
,17112,Fish Fry,,,TRUE,6,
,17113,Fried Burrito,,,TRUE,12,
,17114,Fried Mullet,,,TRUE,31,
,17115,Fried Mushrooms,,,TRUE,63,
,17116,Herb Crusted Leg of Lamb,,,TRUE,23,
,17117,Hush Puppy,,,TRUE,5,
,17118,"	Baked Spinach Chips",,,TRUE,17,
MixedDrinks,1027,Mimosa,,,TRUE,7,
,1028,"	Kalimotxo",,,TRUE,2,
,1029,Gin Fizz,,,TRUE,9,
,1030,Dry Martini,,,TRUE,4,
,1031,Whisky Sour,,,TRUE,12,
,1032,Pina Colada,,,TRUE,43,
,1033,Mojito,,,TRUE,10,
,1034,"	Clover Club",,,TRUE,34,
,1035,Tequila Sunrise,,,TRUE,49,
,1036,Sidecar,,,TRUE,12,
,1037,Margarita,,,TRUE,21,
,1038,Silent Third,,,TRUE,16,
,1039,Daiquiri,,,TRUE,13,
,1040,Rum and Coke,,,TRUE,7,
,1041,Cosmopolitan,,,TRUE,20,
,1042,"	Manhattan",,,TRUE,9,
,1043,Lava Flow,,,TRUE,50,
,1044,Aviation,,,TRUE,8,
,1045,Bloody Mary,,,TRUE,7,
,1046,Fish House Punch,,,TRUE,13,
,1047,Gin Rickey,,,TRUE,4,
,1048,Tom & Jerry,,,TRUE,6,
,1049,Somaek,,,TRUE,5,
,1050,French 75,,,TRUE,7,
,1051,Hemingway Champagne,,,TRUE,4,
,1052,Earthquake Cocktail,,,TRUE,11,
,1053,"	French Rose",,,TRUE,8,
,1054,"	French Gimlet",,,TRUE,5,
,1055,Boulevardier,,,TRUE,11,
,1056,Marie Antoinette,,,TRUE,21,
,1057,Tokyo Mule,,,TRUE,,
,1058,Matcha Mint Julep,,,TRUE,,
,1059,Bamboo Cocktail,,,TRUE,,
,1060,Egg Sake,,,TRUE,,
,1061,"	Champagne Sangria",,,TRUE,,
,1062,Spanish Alcoholic Coffee,,,TRUE,,
,1063,Galicia Fire Drink,,,TRUE,,
,1064,"	Iconic Cocktail of Valencia",,,TRUE,,
,1065,"	Iconic Cocktail of Seville",,,TRUE,,
,1066,Spanish Summer Wine,,,TRUE,,
,1067,Port of Spain,,,TRUE,,
,1068,Mexican Green Juice,,,TRUE,,
,1069,"	Strawberry Agua Fresca",,,TRUE,,
,1070,Mango Chamoyada,,,TRUE,,
,1071,Watermelon Agua Fresca,,,TRUE,,
,1072,Cucumber Agua Fresca,,,TRUE,,
,1073,Mexican Rice Drink,,,TRUE,,
,1074,Mexican Clay Pot Coffee,,,TRUE,,
,1075,Hibiscus Tea,,,TRUE,,
,1076,"	Grapefruit Paloma",,,TRUE,,
,1077,Mexican Beer,,,TRUE,,
,1078,Mexican Bloody Mary (MIchaelada),,,TRUE,,
,1079,Clay Jug Tequila (Cantarito),,,TRUE,,
,1080,Mezcal Margarita (Mezcalita),,,TRUE,,
,1081,Fruit Spritzer (Cleriocot),,,TRUE,,
,1082,Guava Agua Fresca,,,TRUE,,
,1083,Belini Cocktail,,,TRUE,,
,1084,Limoncello Sour Cocktail,,,TRUE,,
,1085,Ti' Punch,,,TRUE,,
,1086,Apple & Tonic,,,TRUE,,
,1087,Sake Sunrise,,,TRUE,,
,1088,Saketini,,,TRUE,,
,1089,Thai Iced Tea,,,TRUE,,
,1090,Mai Tai Cocktail,,,TRUE,,
,1091,"	Long Island Iced Tea",,,TRUE,,
,1092,Thai Coco Cocktail,,,TRUE,,
,1093,"	Tom Yum Martini",,,TRUE,,
,1094,Pandan Iced Tea,,,TRUE,,
,1095,Acai Mocktail,,,TRUE,,
,1096,Caipirinha,,,TRUE,,
,1097,Batida,,,TRUE,,
,1098,Brazilian Lime Juice,,,TRUE,,
,1099,"	Passion Fruit Juice",,,TRUE,,
,1100,Fizzy Passion Fruit Cocktail,,,TRUE,,
,1101,"	Mango Milkshake with Ice Cream",,,TRUE,,
,1102,Vietnamese Coffee,,,TRUE,,
,1103,Yogurt Soju Cocktail,,,TRUE,,
,1104,Korean Iced Green Tea,,,TRUE,,
,1105,Kimchi Soju Cocktail,,,TRUE,,
,1106,Soju with Mango Ice Pop,,,TRUE,,
,1107,Cucumber Soju Cocktail,,,TRUE,,
,1108,Soju Bomb,,,TRUE,,
,1109,"	Soju Watermelon Cocktail",,,TRUE,,
,1110,"	Old Fashioned",,,TRUE,,
,1111,Sex on the Beach,,,TRUE,,
,1112,Gin Fizz,,,TRUE,,
,1113,Apple Vodka Mojito,,,TRUE,,
,1114,Sour Cherry Liquor,,,TRUE,,
FrenchDelicacies,2000,"	Escargot",,,TRUE,,
,2001,"	Quiche Lorraine",,,TRUE,,
,2002,Garlic Bread,,,TRUE,,
,2003,"	Broccoli Gratin",,,TRUE,,
,2004,Baked Bass with Lemon,,,TRUE,,
,2005,"	Savory Crepe",,,TRUE,,
,2006,Entrecôte,,,TRUE,,
,2007,Foie gras,,,TRUE,,
,2008,Magret de canard,,,TRUE,37,
,2009,Coquilles St. Jaques,,,TRUE,,
,2010,Bacon Wrapped Asparagus,,,TRUE,,
,2011,Cream of Mushroom Soup,,,TRUE,,
,2012,Choucroute garnie,,,TRUE,,
,2013,Pot au feu,,,TRUE,,
,2014,Smoked Salmon,,,TRUE,,
,2015,Pan bagnat,,,TRUE,,
,2016,"	Steak au poivre",,,TRUE,,
,2017,Tarte flambée,,,TRUE,,
,2018,Croutons,,,TRUE,,
,2019,Lyonnaise Salad,,,TRUE,,
,2020,Cheese Pie,,,TRUE,,
,2021,Floating Island,,,TRUE,,
,2022,Croque monsieur,,,TRUE,,
,2023,Norman Tart,,,TRUE,,
,2024,"Blanquette de veau	

",,,TRUE,,
,2025,Spinach Quiche,,,TRUE,,
,2026,"	Cured Duck",,,TRUE,27,
,2027,Duck Confit,,,TRUE,,
,2028,Provencal Stuffed Eggplants,,,TRUE,,
,2029,"	Smoked Salmon Rolls",,,TRUE,,
,2030,"	Cauliflower Gratin",,,TRUE,,
,2031,French Lamb Stew,,,TRUE,,
,2032,"	Braised Chicken in Red Wine",,,TRUE,,
,2033,French Buckwheat Galette,,,TRUE,,
,2034,Chickpea Pancakes,,,TRUE,,
,2035,"	Chicken Piccata",,,TRUE,,
,2036,Anna Potatoes,,,TRUE,20,
,2037,"	French Duck with Orange Sauce",,,TRUE,,
,2038,Corn Soufflé,,,TRUE,,
,2039,Provencal Vegetable Bake,,,TRUE,,
,2040,Provencal Roast Leg of Lamb,,,TRUE,,
,2041,Foie Gras Terrine,,,TRUE,,
,2042,French Potato Leek Soup,,,TRUE,,
,2043,French Beetroot Soup,,,TRUE,,
,2044,Creamy Cauliflower Soup,,,TRUE,,
,2045,Lamb Navarin,,,TRUE,,
,2046,Basque Style Chicken,,,TRUE,,
FrenchDesserts,2047,Macaron Batter,,,TRUE,12,
,2048,Chocolate Mousse,,,TRUE,,
,2049,Chocolate Truffles,,,TRUE,,
,2050,Strawberry Creme Crepe,,,TRUE,,
,2051,Banana Chocolate Crepe,,,TRUE,,
,2052,Caramel Ice Cream Crepe,,,TRUE,,
,2053,Milk Crepe Cake,,,TRUE,,
,2054,Pink Macaron,,,TRUE,,
,2055,White Macaron,,,TRUE,,
,2056,Purple Macaraon,,,TRUE,,
,2057,Yellow Macaron,,,TRUE,,
,2058,Blue Macaron,,,TRUE,,
,2059,Green Macaron,,,TRUE,,
,2060,Brown Macaron,,,TRUE,,
,2061,Galaxy Macaron,,,TRUE,,
,2062,Mini Nut Tart,,,TRUE,,
,2063,Mini Fruit Tart,,,TRUE,,
,2064,Tarte Tatin,,,TRUE,,
,2065,Tarte TropĂ©zienne,,,TRUE,,
,2066,Chocolate Nun,,,TRUE,,
,2067,Paris-Brest,,,TRUE,,
,2068,Ă‰clair,,,TRUE,,
,2069,French Cream Puff,,,TRUE,,
,2070,Strawberry Napoleon,,,TRUE,,
,2071,Napoleon,,,TRUE,,
,2072,Burnt Cream,,,TRUE,,
,2073,SoufflĂ©,,,TRUE,,
,2074,Opera Cake,,,TRUE,,
,2075,Madeleine,,,TRUE,,
,2076,CanelĂ©,,,TRUE,,
,2077,Financier,,,TRUE,,
,2078,Palm Heart,,,TRUE,,
FrenchSeafood,2079,Bacon Crepe,,,TRUE,,
,2080,Salmon Crepe,,,TRUE,,
,2081,Salmon Rillettes,,,TRUE,,
,2082,Pan-fried Flounder,,,TRUE,,
,2083,Crab Beignets,,,TRUE,,
,2084,Baguette,,,TRUE,,
,2085,Lobster Thermidor,,,TRUE,,
,2086,Stuffed Mussels,,,TRUE,,
,2087,Brandade,,,TRUE,,
,2088,French Potato and Beef Casserole,,,TRUE,,
,2089,French Potato and Cheese Gratin,,,TRUE,,
,2090,French Vegetable Stew,,,TRUE,,
,2091,Easter Pate with Eggs,,,TRUE,,
,2092,Provencal Fish Stew,,,TRUE,,
,2093,Lobster Bisque,,,TRUE,37,
,2094,Sailor-style Mussels,,,TRUE,,
,2095,Fish Stew with Aioli,,,TRUE,,
,2096,French Fish Stew,,,TRUE,,
,2097,Basque-style Squid,,,TRUE,,
,2098,Basque-style Tuna,,,TRUE,,
,2099,Basque Tuna Stew,,,TRUE,,
,2100,Merlu Soup,,,TRUE,,
,2101,French Fish Soup,,,TRUE,,
,2102,French Onion Soup,,,TRUE,,
,2103,Shellfish Platter,,,TRUE,,
,2104,Nicoise Salad,,,TRUE,,
,2105,Steak Tartare,,,TRUE,,
,2106,Crudités,,,TRUE,,
,2107,Crab Salad Lettuce Cups,,,TRUE,,
,2108,Lobster with Wine and Tomato,,,TRUE,,
,2109,Crab SoufflĂ©,,,TRUE,,
,2110,Fish Baked in Parchment Packet,,,TRUE,,
,2111,Bass Baked in a Crust,,,TRUE,,
SideDishes,3000,Tempura Batter,,,TRUE,,
,3001,Pickled Dish,,,TRUE,,
,3002,Natto,,,TRUE,,
,3003,Marinated Sea Grapes,,,TRUE,13,
,3004,Shrimp Tempura,,,TRUE,,
,3005,Eel Tempura,,,TRUE,,
,3006,Egg Tempura,,,TRUE,,
,3007,Okra Tempura,,,TRUE,,
,3008,Eggplant Tempura,,,TRUE,,
,3009,Broccoli Tempura,,,TRUE,,
,3010,Pepper Ring Tempura,,,TRUE,,
,3011,Savoury Cabbage Pancake,,,TRUE,,
,3012,Japanese Fried Bean Curd,,,TRUE,,
,3013,Japanese Croquette,,,TRUE,,
,3014,Japanese Rolled Omelette,,,TRUE,,
,3015,Chicken Breast Yakitori,,,TRUE,,
,3016,Chicken Wing Yakitori,,,TRUE,,
,3017,Chicken and Cheese Yakitori,,,TRUE,,
,3018,Miso Soup,,,TRUE,,
,3019,Pork and Vegetable Miso Soup,,,TRUE,,
,3020,Japanese Clear Clam Soup,,,TRUE,,
,3021,Seaweed Egg Drop Soup,,,TRUE,,
,3022,Japanese Fried Chicken,,,TRUE,,
,3023,Spinach Side Dish,,,TRUE,,
,3024,Meat and Potato Stew,,,TRUE,,
,3025,Japanese Grilled Mutton,,,TRUE,13,
,3026,Grilled Eggplants with Miso,,,TRUE,,
,3027,Omusoba,,,TRUE,,
,3028,Japanese Spinach Salad,,,TRUE,27,
,3029,Salmon Simmered in Soy Sauce,,,TRUE,,
,3030,Simmered Kelp,,,TRUE,,
,3031,Japanese Chicken Meatball Skewers,,,TRUE,,
,3032,Lobster Miso Soup,,,TRUE,,
,3033,Japanese Lamb Stew,,,TRUE,,
,3034,Japanese Braised Pork Belly,,,TRUE,,
RiceTrianglesandSushi,3035,Rice Triangle,,,TRUE,,
,3036,Creamy Tuna Rice Triangle,,,TRUE,,
,3037,Grilled Rice Triangle,,,TRUE,,
,3038,Cucumber Sushi Roll,,,TRUE,,
,3039,Tuna Sushi Roll,,,TRUE,,
,3040,California Sushi Roll,,,TRUE,,
,3041,Wakame Sushi Roll,,,TRUE,,
,3042,Bottarga Sushi,,,TRUE,,
,3043,Roe Sushi,,,TRUE,,
,3044,Shrimp and Cheese Sushi,,,TRUE,,
,3045,Inari Sushi,,,TRUE,,
,3046,Lucky Direction Sushi Rolls,,,TRUE,,
,3047,Duck Breast Sushi,,,TRUE,,
GrainProducts,6022,Bucket of Rice,,,TRUE,11,65
,6023,Bowl of Rice,,,TRUE,,130
Wagashi,3054,Nerikiri Rice Dough,,,TRUE,,
,3055,Peach Wagashi,,,TRUE,,
,3056,Mt. Fuji Wagashi,,,TRUE,,
,3057,Flower Wagashi,,,TRUE,,
,3058,"	Snow Rabbit Wagashi",,,TRUE,,
,3059,Daffodil Wagashi,,,TRUE,,
,3060,"	Crane and Tortoise Wagashi",,,TRUE,,
,3061,"	Warabi Plant Wagashi",,,TRUE,,
,3062,"	Iris Wagashi",,,TRUE,,
,3063,Seiobo Wagashi,,,TRUE,,
,3064,Maple Leaf Wagashi,,,TRUE,,
,3065,"	Loquat Wagashi",,,TRUE,,
,3066,Gingko Wagashi,,,TRUE,,
,3067,Petals Wagashi,,,TRUE,,
,3068,Botamochi,,,TRUE,,
,3069,"	Batter",,,TRUE,,
,3070,Sweetfish Shaped Pancake,,,TRUE,,
,3071,Japanese Red Bean Pancake,,,TRUE,,
,3072,"	Japanese Rice Crackers",,,TRUE,,
,3073,"	Japanese Cheesecake",,,TRUE,,
,3074,Castella Cake,,,TRUE,,
,3075,Grilled Rice Skewers,,,TRUE,,
,3076,"	Rice Ball Skewers",,,TRUE,,
,3077,Red Bean Soup,,,TRUE,,
,3078,Japanese Rice Cakes,,,TRUE,,
SakuraDerivatives,3079,Sakura Wagashi,,,TRUE,,
,3080,Sakura Rice Ball,,,TRUE,,
,3081,Sakura Frappe,,,TRUE,,
,3082,Sakura Sparkling Water,,,TRUE,,
,3083,Sakura Latte,,,TRUE,,
,3084,Sakura Cocktail,,,TRUE,,
,3085,Sakura Cake Roll,,,TRUE,,
"Noodles",3086,Bundle of Ramen Noodles,,,TRUE,,
,3087,Bundle of Soba Noodles,,,TRUE,,
,3088,Bundle of Udon Noodles,,,TRUE,,
,3089,Flowing Bamboo Noodles,,,TRUE,,
,3090,Kitakata Ramen,,,TRUE,,
,3091,Tonkotsu Ramen,,,TRUE,,
,3092,Miso Ramen,,,TRUE,,
,3093,Jiro-Style Ramen,,,TRUE,,
,3094,Iroha Ramen,,,TRUE,,
,3095,Ham Ramen,,,TRUE,,
,3096,Japanese Clam Ramen,,,TRUE,,
,3097,Dipping Ramen,,,TRUE,,
,3098,Nabeyaki Ramen,,,TRUE,,
,3099,Miso Curry Milk Ramen,,,TRUE,,
,3100,Yokohama-Styled Ramen,,,TRUE,,
,3101,Udon Noodle Soup,,,TRUE,,
,3102,Udon with Bean Curd Triangles,,,TRUE,,
,3103,Nabeyaki Udon,,,TRUE,,
,3104,Stir-Fried Udon Noodles,,,TRUE,,
,3105,Cold Soba,,,TRUE,,
,3106,Tempura Soba,,,TRUE,,
,3107,Oyster Soba,,,TRUE,,
,3108,Vegan Soba,,,TRUE,,
,3109,Kawara Soba,,,TRUE,,
,3110,Seasoned Bamboo Shoots,,,TRUE,2,
ServeOverRice,3111,Grilled Eel Rice Bowl,,,TRUE,,
,3112,Chicken and Egg Rice Bowl,,,TRUE,,
,3113,Japanese Omelette Rice,,,TRUE,,
,3114,Clam Miso Soup over Rice,,,TRUE,,
Sashimi,3115,Mackerel Sashimi,,,TRUE,,
,3116,Squid Sashimi,,,TRUE,,
,3117,Shrimp Sashimi,,,TRUE,,
,3118,Crab Sashimi,,,TRUE,,
,3119,Scallop Sashimi,,,TRUE,,
,3120,Salmon Sashimi,,,TRUE,,
,3121,Tuna Sashimi,,,TRUE,,
,3122,Abalone Sashimi,,,TRUE,,
,3123,Snapper Sashimi,,,TRUE,,
,3124,Bass Sashimi,,,TRUE,84,
MatchaFlavouredSnack,3125,Matcha Latte,,,TRUE,,
,3126,Matcha Ice Cream,,,TRUE,,
,3127,Matcha Daifuku,,,TRUE,,
,3128,Matcha Chocolate,,,TRUE,,
,3129,Matcha Cheesecake,,,TRUE,,
,3130,Matcha Cookie,,,TRUE,,
,3131,Matcha Cake Roll,,,TRUE,,
,3132,Almond Milk Matcha Latte,,,TRUE,,
FancyJapaneseDishes,3133,Squid and Cucumber Salad,,,TRUE,,
,3134,Grilled Fish Combo Plate,,,TRUE,,
,3135,Eel and Eggplant Soup,,,TRUE,,
,3136,Seafood Broth in Teapot,,,TRUE,,
,3137,Steamed Egg Custard,,,TRUE,,
,3138,Simmered Koya Bean Curd,,,TRUE,,
,3139,Simmered Vegetable Combo,,,TRUE,,
,3140,Rice with Bamboo Shoots,,,TRUE,,
,3141,Almond Tofu,,,TRUE,,
,3142,Coffee Jelly,,,TRUE,,
JingCuisine,4000,Sliced Peking Duck,,,TRUE,,
,4001,Shredded Pork,,,TRUE,,
,4002,Raw Panlong Dish,,,TRUE,,
,4003,Pancake Wraps,,,TRUE,,
,4004,Raw Buns,,,TRUE,,
,4005,Raw Brown Sugar Buns,,,TRUE,,
,4006,Raw Twisted Buns with Ham,,,TRUE,,
,4007,Raw Sesame Sauce Twisted Buns,,,TRUE,,
,4008,Raw Cornbread,,,TRUE,,
,4009,Raw Pork Dumplings,,,TRUE,,
,4010,Raw Lazy Dragon Rolls,,,TRUE,,
,4011,Strawberry and Banana Tanghulu,,,TRUE,,
,4012,Hawthorn Tanghulu,,,TRUE,,
,4013,Orange Tanghulu,,,TRUE,,
,4014,Sauteed Shredded Pork,,,TRUE,,
,4015,Braised Chicken Slices,,,TRUE,,
,4016,Braised Prawns,,,TRUE,,
,4017,Steamed Bean Curd,,,TRUE,,
,4018,Stir-fried Pork and Spinach,,,TRUE,,
,4019,Honey Roasted Pears,,,TRUE,,
,4020,Fried Pork in Scoop,,,TRUE,,
,4021,Non-stick Egg Pudding,,,TRUE,,
,4022,Fried Dumplings,,,TRUE,,
,4023,Tanghulu Syrup,,,TRUE,,
,4024,Sesame Flatbread,,,TRUE,,
,4025,Peking Duck,,,TRUE,,
,4026,Royal Style Barbecue,,,TRUE,,
,4027,Peking Duck Pancakes,,,TRUE,,
,4028,Steamed Pork with Rice Powder,,,TRUE,,
,4029,Panlong Dish,,,TRUE,,
,4030,Steamed Buns,,,TRUE,,
,4031,Brown Sugar Steamed Buns,,,TRUE,,
,4032,Twisted Buns with Ham,,,TRUE,,
,4033,Sesame Sauce Twisted Buns,,,TRUE,,
,4034,Steamed Cornbread,,,TRUE,,
,4035,Steamed Dumplings,,,TRUE,,
,4036,Steamed Lazy Dragon Rolls,,,TRUE,,
,4037,Peking Style Barbecue Lamb,,,TRUE,,
,4038,Braised Pork Belly Slices,,,TRUE,,
,4039,Braised Pork Knuckle,,,TRUE,,
,4040,Boiled Dumplings,,,TRUE,,
HuaiyangCuisine,4041,Raw Crab and Pork Meatball,,,TRUE,,
,4042,Raw Wontons,,,TRUE,,
,4043,Raw Crab and Pork Soup Dumplings,,,TRUE,,
,4044,Raw Squirrel Fish,,,TRUE,,
,4045,Salted Pork in Jelly,,,TRUE,,
,4046,Raw Chicken in Lotus Leaf,,,TRUE,,
,4047,Squirrel Fish,,,TRUE,,
,4048,Longjing Prawns,,,TRUE,4,
,4049,Yangzhou Fried Rice,,,TRUE,,
,4050,"Shrimp, Chicken & Fish",,,TRUE,,
,4051,Wuxi Fried Spare Rib,,,TRUE,,
,4052,Steak Wrapped in Lotus Leaf,,,TRUE,,
,4053,Bean Curd with Crab Meat,,,TRUE,,
,4054,Chicken in Lotus Leaf,,,TRUE,,
,4055,Chicken Shaped Pastry,,,TRUE,,
,4056,Crab Steamed in Orange Pulp,,,TRUE,,
,4057,Crab & Pork Soup Dumpling,,,TRUE,,
,4058,Braised Ham in Honey Sauce,,,TRUE,,
,4059,Steamed Pork in Lotus Leaf,,,TRUE,,
,4060,Gourd Shaped Duck,,,TRUE,,
,4061,Suzhou Diamond Cakes,,,TRUE,,
,4062,"Chinese ""Victory"" Cakes",,,TRUE,,
,4063,Crab and Pork Meatball,,,TRUE,,
,4064,Wensi Bean Curd Soup,,,TRUE,,
,4065,Chrysanthemum Bean Curd Soup,,,TRUE,,
,4066,Dongpo Pork,,,TRUE,,
,4067,Boiled Shredded Dry Bean Curd,,,TRUE,,
,4068,Chinese Minced Fish Soup,,,TRUE,,
,4069,Fish Wrapped in Mutton,,,TRUE,,
,4070,Boiled Wontons,,,TRUE,,
,4071,Cat Ear Noodles,,,TRUE,,
SichuanCuisine,4072,Chili Bean Sauce,,,TRUE,,
,4073,Chili Oil,,,TRUE,2,
,4074,Pickled Peppers,,,TRUE,,
,4075,Preserved Eggs,,,TRUE,,
,4076,Preserved Eggs & Chili Peppers,,,TRUE,,
,4077,Sichuan Spicy Sausages,,,TRUE,,
,4078,Mapo Tofu,,,TRUE,,
,4079,Hot and Spicy Diced Chicken,,,TRUE,,
,4080,Spicy Braised Eggplant,,,TRUE,,
,4081,Tofu Pudding & Steak Stripes,,,TRUE,,
,4082,Kung Pao Chicken,,,TRUE,,
,4083,Double Cooked Pork,,,TRUE,,
,4084,Pickled Pepper & Squid,,,TRUE,,
,4085,Pork and Pickled Peppers,,,TRUE,,
,4086,Green pepper and Sliced Pork,,,TRUE,,
,4087,Egg Pancake,,,TRUE,,
,4088,Rice Crust,,,TRUE,,
,4089,Pork with Rice Crust,,,TRUE,,
,4090,Spicy Rooster Pot,,,TRUE,,
,4091,Tenderized & Shredded Chicken,,,TRUE,,
,4092,Cold Pot Skewers,,,TRUE,,
,4093,Sliced Pork with Garlic Sauce,,,TRUE,,
,4094,Leshan Beef Soup,,,TRUE,52,
,4095,Spicy Poached Chicken,,,TRUE,,
,4096,Sichuan Pork in Spicy Broth,,,TRUE,,
,4097,Sour Plum Juice,,,TRUE,,
,4098,Trotter Soup,,,TRUE,,
,4099,Spicy Wontons in Chili Oil,,,TRUE,,
,4100,Spicy Beef Hot Pot,,,TRUE,,
,4101,Steamed Pork Belly with Sugar,,,TRUE,,
CantoneseCuisine,4102,Steamed Custard Buns,,,TRUE,,
,4103,Shrimp Dumplings,,,TRUE,,
,4104,Bean Curd Skin Rolls,,,TRUE,,
,4105,Red Rice Rolls with Shrimp,,,TRUE,,
,4106,Chinese Pork Buns,,,TRUE,,
,4107,Spare Ribs & Black Bean Sauce,,,TRUE,,
,4108,Sticky Rice with Chicken,,,TRUE,,
,4109,White Sugar Sponge Cake,,,TRUE,,
,4110,Red Bean Milk Pudding,,,TRUE,,
,4111,Cantonese Shumai,,,TRUE,,
,4112,Cantonese Sponge Cake,,,TRUE,,
,4113,Wenchang Chicken,,,TRUE,,
,4114,Egg Tart,,,TRUE,,
,4115,Chinese BBQ Pork ,,,TRUE,,
,4116,Cantonese Roast Goose,,,TRUE,,
,4117,Pineapple Bun,,,TRUE,,
,4118,Abalone and Broccolis,,,TRUE,,
,4119,Walnut Paste,,,TRUE,,
,4120,White Boiled Shrimp,,,TRUE,,
,4121,Sweet Egg Soup,,,TRUE,,
,4122,Preserved Egg and Pork Congee,,,TRUE,,
,4123,Cantonese Lobster Platter,,,TRUE,,
,4124,Oyster Omelet,,,TRUE,,
,4125,Char Siu Fried Rice,,,TRUE,,
,4126,Sweet and Sour Lychee Pork,,,TRUE,,
SpanishCuisine,5000,Chorizo,,,TRUE,,
,5001,Raw Spanish Baguettes,,,TRUE,,
,5002,Raw Churros,,,TRUE,,
,5003,Spanish Roast Suckling Pig,,,TRUE,,
,5004,Spanish Chicken and Rice,,,TRUE,,
,5005,Spanish Stuffed Eggplants,,,TRUE,,
,5006,Spanish Baguette,,,TRUE,16,
,5007,Catalan Biscuits ,,,TRUE,,
,5008,Pinchitos,,,TRUE,,
,5009,Spanish Garlic Chicken,,,TRUE,,
,5010,Migas,,,TRUE,,
,5011,Spanish Meatballs,,,TRUE,,
,5012,Cachopo,,,TRUE,,
,5013,Braised Pork Cheeks,,,TRUE,,
,5014,Spanish Omelet,,,TRUE,,
,5015,Spanish Vegetable Stew,,,TRUE,,
,5016,Rice with Fried Egg,,,TRUE,,
,5017,Gachas,,,TRUE,,
,5018,Churros,,,TRUE,,
,5019,Valencian Paella,,,TRUE,,
,5020,Spanish Vegan Paella,,,TRUE,,
,5021,Asturian Pork and Beans,,,TRUE,,
,5022,Madrilenian Stew,,,TRUE,,
,5023,Spanish Bull Tail Stew,,,TRUE,,
SpanishSeafood,5024,Spanish Garlic Shrimps,,,TRUE,,
,5025,Spanish Marinated Tuna,,,TRUE,,
,5026,Salmon Bocadillo Sandwich,,,TRUE,,
,5027,Raw Tilapia Empanadas,,,TRUE,,
,5028,Seafood Paella,,,TRUE,,
,5029,Squid Ink Paella,,,TRUE,,
,5030,Catalan-style Paella,,,TRUE,,
,5031,Lobster Paella,,,TRUE,,
,5032,Spicy Roasted Cauliflower,,,TRUE,,
,5033,Fried Squid Rings ,,,TRUE,,
,5034,Spinach and Chickpeas,,,TRUE,,
,5035,Cod with Pil Pil Sauce,,,TRUE,,
,5036,Catalan Roasted Vegetables,,,TRUE,,
,5037,Flatbread & Grilled Vegetables,,,TRUE,,
,5038,Catalan Bread with Tomato,,,TRUE,,
,5039,Egg and Syrup Flan,,,TRUE,,
,5040,Tilapia Empanadas,,,TRUE,,
,5041,Spanish Grilled Shrimp Tapas,,,TRUE,,
,5042,Fish Skewers ,,,TRUE,,
,5043,Spanish Cold Soup ,,,TRUE,,
,5044,Chilled Almond Soup,,,TRUE,,
,5045,Galician Squid,,,TRUE,,
,5046,Seafood Rice,,,TRUE,,
,5047,Grilled Rice with Lobster,,,TRUE,,
,5048,Wrinkled Potatoes,,,TRUE,,
,5049,Spanish Almond Soup,,,TRUE,,
,5050,Spanish Baguette Slice,,,TRUE,,
SpanishSnacks,5051,Spanish Dry-cured Ham,,,TRUE,,
,5052,Spanish Cheese Board,,,TRUE,,
,5053,Ham Montadito,,,TRUE,,
,5054,Tomato and Cheese Montadito,,,TRUE,,
,5055,Spanish Ham Croquettes,,,TRUE,,
,5056,Spanish Donuts,,,TRUE,,
,5057,Spanish Style French Toast,,,TRUE,,
,5058,Spanish Fried Milk,,,TRUE,,
,5059,Shrimp Montadito,,,TRUE,,
,5060,Sponge Cake Roll ,,,TRUE,,
,5061,Spanish Spicy Potatoes,,,TRUE,,
,5062,Spanish Muffin,,,TRUE,,
,5063,Mallorcan Spiral Pastry,,,TRUE,,
,5064,Baked Apple Rose,,,TRUE,,
,5065,Tuna Montadito,,,TRUE,,
,5066,Sausage Montadito,,,TRUE,,
,5067,Steak Montadito,,,TRUE,,
,5068,Chicken Montadito,,,TRUE,,
,5069,Cheese Montadito,,,TRUE,,
,5070,Spanish Cold Soup ,,,TRUE,,
,5071,Catalan Cream,,,TRUE,,
MexicanCuisine,6000,Masas,,,TRUE,,
,6001,Spinach Salad,,,TRUE,,
,6002,Stack of Tortillas,,,TRUE,,
,6003,Cheese Nachos,,,TRUE,,
,6004,Mexican Red Rice,,,TRUE,,
,6005,Tostada,,,TRUE,,
,6006,Rancher's Eggs,,,TRUE,,
,6007,Chicken Quesedilla,,,TRUE,,
,6008,Caviar Tostadas,,,TRUE,,
,6009,Tortilla,,,TRUE,,
,6010,Mexican Style Shrimp Ceviche,,,TRUE,,
,6011,Crab Ceviche,,,TRUE,,
,6012,Mexican Wraps ,,,TRUE,,
,6013,Chicken Burritos,,,TRUE,,
,6014,Beef Alambre,,,TRUE,,
,6015,Chilies in Walnut Sauce,,,TRUE,,
,6016,Spicy Chorizo with Cheese,,,TRUE,,
,6017,Coconut Macarons ,,,TRUE,,
,6018,Mexican Corn Salad ,,,TRUE,,
,6019,Talla Style Grilled Fish,,,TRUE,,
,6020,Tortilla Soup,,,TRUE,,
NopalesCuisine,6021,Cheese Stuffed Nopales,,,TRUE,,
,6022,Cactus Salad,,,TRUE,,
,6023,Nopales Tacos,,,TRUE,,
,6024,Nopales and Eggs,,,TRUE,,
,6025,Nopales and Carrots,,,TRUE,,
,6026,Cactus Fries,,,TRUE,,
,6027,Cactus Cookie Cake,,,TRUE,,
,6028,Grilled Nopales,,,TRUE,,
,6029,Grilled Nopales Huarache,,,TRUE,,
,6030,No-Bun Cactus Burger,,,TRUE,,
,6031,Chicken Soup with Nopales,,,TRUE,,
MexicanTacos,6032,Governor's Tacos,,,TRUE,,
,6033,Grilled Steak Tacos,,,TRUE,,
,6034,Shepherd Style Tacos,,,TRUE,,
,6035,Basket Tacos,,,TRUE,,
,6036,Potosina Stuffed Tortillas,,,TRUE,,
,6037,Mexican Fish Tacos,,,TRUE,,
,6038,Tacos with Mango Salsa,,,TRUE,,
MayanCuisine,6039,Meat Stuffed Green Peppers,,,TRUE,,
,6040,Chicken with Peanut Butter,,,TRUE,,
,6041,Tamales,,,TRUE,,
,6042,Rolled Tacos ,,,TRUE,,
,6043,Fried Dough ,,,TRUE,,
,6044,Pork in Black Mole Sauce,,,TRUE,,
,6045,Roast Duck in Mole Sauce,,,TRUE,,
,6046,Lobster in Tomato Sauce,,,TRUE,,
,6047,Tortillas in Black Bean Sauce,,,TRUE,,
,6048,Creamy Chicken Enchiladas,,,TRUE,,
,6049,Chicken Mole,,,TRUE,,
,6050,Mexican Pastries ,,,TRUE,,
,6051,Mexican Gingerbread Pigs,,,TRUE,,
,6052,Chicken in Green Salsa,,,TRUE,,
,6053,Mexican Lasagna,,,TRUE,,
,6054,Mexican Bread ,,,TRUE,,
,6055,Mayan Grilled Pork,,,TRUE,,
,6056,Grilled Corn on the Cob,,,TRUE,,
,6057,Mexican Cornmeal Drink,,,TRUE,,
,6058,Chocolate Atole ,,,TRUE,,
,6059,Pork and Hominy Stew ,,,TRUE,,
,6060,Chicken Pozole Soup,,,TRUE,,
,6061,Vegetable Beef Soup,,,TRUE,,
,6062,Mexican Bean Stew,,,TRUE,,
,6063,Mexican Goat Stew,,,TRUE,,
,6064,Pinto Bean Soup,,,TRUE,,
,6065,Mexican Lime Soup,,,TRUE,,
CardPlus,18054,CardPlus,18055,,TRUE,,
,18055,CardPlus,18056,,TRUE,,
,18056,CardPlus,,,TRUE,,
CookingBoost,18064,CookingBoost,,,TRUE,,
DailyGift,18065,DailyGift,,,TRUE,,
EnergyChest,18066,EnergyChest,,,TRUE,,
AssistantsChest,18067,AssistantsChest,,,TRUE,,
ChefsChest,18068,ChefsChest,,,TRUE,,
EquipmentChest,18069,EquipmentChest,,,TRUE,,
Gift,18070,Gift,,,TRUE,,
ChoiceChest,18071,Choicechest,,,TRUE,,
FlushGift,18072,FlushGift,,,TRUE,,
 EquipmentBox,18073,EquipmentBox,,,,,
TraineeBox ,18074,TraineeBox,,,,,
CoinBox,18075,,,,,,
LuckyBox,18076,Lucky Box,,,,,
LuckyHandbag,18080,LuckyHandbag,,,,,
